{
  "loss": [
    0.7946144938468933,
    0.16642634570598602,
    0.040059804916381836,
    0.010779190808534622,
    0.008833717554807663,
    0.002910303883254528,
    0.0010904092341661453,
    0.007962324656546116,
    0.0015746256103739142,
    0.001898634829558432,
    0.0008186671766452491,
    0.000631088565569371
  ],
  "accuracy": [
    0.7261724472045898,
    0.9621785283088684,
    0.9954614043235779,
    1.0,
    0.998487114906311,
    1.0,
    1.0,
    0.9969742894172668,
    1.0,
    1.0,
    1.0,
    1.0
  ],
  "val_loss": [
    1.059810996055603,
    0.6480863094329834,
    0.5789099335670471,
    0.5527803301811218,
    0.5445238947868347,
    0.4458472430706024,
    0.4301987588405609,
    0.519469678401947,
    0.3789691925048828,
    0.4335636496543884,
    0.39276739954948425,
    0.30912452936172485
  ],
  "val_accuracy": [
    0.5654761791229248,
    0.7678571343421936,
    0.761904776096344,
    0.863095223903656,
    0.8690476417541504,
    0.898809552192688,
    0.9107142686843872,
    0.898809552192688,
    0.9285714030265808,
    0.9226190447807312,
    0.9404761791229248,
    0.9464285969734192
  ],
  "lr": [
    0.00022502167848870158,
    0.00022502167848870158,
    0.00022502167848870158,
    0.00022502167848870158,
    0.00022502167848870158,
    0.00022502167848870158,
    0.00022502167848870158,
    0.00022502167848870158,
    0.00022502167848870158,
    0.00022502167848870158,
    0.00022502167848870158,
    0.00022502167848870158
  ]
}