{
  "loss": [
    0.8748309016227722,
    0.14129409193992615,
    0.030341345816850662,
    0.01076432317495346,
    0.004101522732526064,
    0.006604207679629326,
    0.001536570955067873,
    0.0010361626045778394,
    0.0007025955128483474,
    0.0012161403428763151,
    0.0015764510026201606,
    0.003406805917620659
  ],
  "accuracy": [
    0.7393689751625061,
    0.9684499502182007,
    0.9958847761154175,
    0.9986282587051392,
    0.9986282587051392,
    0.9986282587051392,
    1.0,
    1.0,
    1.0,
    1.0,
    1.0,
    0.9986282587051392
  ],
  "val_loss": [
    0.6589526534080505,
    0.2632465362548828,
    0.1502130627632141,
    0.1394590586423874,
    0.16526634991168976,
    0.14535343647003174,
    0.15863952040672302,
    0.13796277344226837,
    0.1305168718099594,
    0.15403254330158234,
    0.14853575825691223,
    0.15473899245262146
  ],
  "val_accuracy": [
    0.7621621489524841,
    0.908108115196228,
    0.9459459185600281,
    0.9621621370315552,
    0.9621621370315552,
    0.9675675630569458,
    0.9567567706108093,
    0.9675675630569458,
    0.9837837815284729,
    0.9621621370315552,
    0.9729729890823364,
    0.9729729890823364
  ],
  "lr": [
    0.00022502167848870158,
    0.00022502167848870158,
    0.00022502167848870158,
    0.00022502167848870158,
    0.00022502167848870158,
    0.00022502167848870158,
    0.00022502167848870158,
    0.00022502167848870158,
    0.00022502167848870158,
    0.00022502167848870158,
    0.00022502167848870158,
    0.00022502167848870158
  ]
}