{
  "loss": [
    1.0635960102081299,
    0.2857227623462677,
    0.08112190663814545,
    0.036955591291189194,
    0.03274467587471008,
    0.021335575729608536,
    0.011573581956326962,
    0.014720195904374123,
    0.032004039734601974,
    0.007684733252972364,
    0.0019263477297499776,
    0.0029068896546959877
  ],
  "accuracy": [
    0.6532608866691589,
    0.9097825884819031,
    0.9826086759567261,
    0.9923912882804871,
    0.9923912882804871,
    0.9945651888847351,
    0.9945651888847351,
    0.9967391490936279,
    0.988043487071991,
    0.998913049697876,
    1.0,
    0.997826099395752
  ],
  "val_loss": [
    1.0844995975494385,
    0.7243317365646362,
    0.5114920139312744,
    0.43768322467803955,
    0.3649711012840271,
    0.3488822877407074,
    0.4274745583534241,
    0.48581382632255554,
    0.4176250100135803,
    0.3657718002796173,
    0.37833333015441895,
    0.35221073031425476
  ],
  "val_accuracy": [
    0.6293103694915771,
    0.7413793206214905,
    0.8275862336158752,
    0.8405172228813171,
    0.8965517282485962,
    0.892241358757019,
    0.8836206793785095,
    0.9051724076271057,
    0.9137930870056152,
    0.9137930870056152,
    0.8965517282485962,
    0.9051724076271057
  ],
  "lr": [
    0.00022502167848870158,
    0.00022502167848870158,
    0.00022502167848870158,
    0.00022502167848870158,
    0.00022502167848870158,
    0.00022502167848870158,
    0.00022502167848870158,
    0.00022502167848870158,
    0.00022502167848870158,
    0.00022502167848870158,
    0.00022502167848870158,
    0.00011251083924435079
  ]
}