{
  "loss": [
    0.7294716238975525,
    0.13730153441429138,
    0.030850639566779137,
    0.008071260526776314,
    0.003733367659151554,
    0.003088252851739526,
    0.002142863115295768,
    0.0021163118071854115,
    0.0009441088186576962,
    0.0019086403772234917,
    0.0015895550604909658,
    0.00036537236883305013
  ],
  "accuracy": [
    0.7287128567695618,
    0.9762375950813293,
    0.998019814491272,
    1.0,
    1.0,
    1.0,
    1.0,
    1.0,
    1.0,
    1.0,
    1.0,
    1.0
  ],
  "val_loss": [
    0.5758329629898071,
    0.2790399193763733,
    0.13567575812339783,
    0.10789888352155685,
    0.0999598503112793,
    0.10236801207065582,
    0.08589047193527222,
    0.07616923004388809,
    0.06881909817457199,
    0.08130945265293121,
    0.06801802664995193,
    0.06375943124294281
  ],
  "val_accuracy": [
    0.8984375,
    0.953125,
    0.953125,
    0.9453125,
    0.953125,
    0.96875,
    0.96875,
    0.9765625,
    0.984375,
    0.9609375,
    0.9765625,
    0.9765625
  ],
  "lr": [
    0.00022502167848870158,
    0.00022502167848870158,
    0.00022502167848870158,
    0.00022502167848870158,
    0.00022502167848870158,
    0.00022502167848870158,
    0.00022502167848870158,
    0.00022502167848870158,
    0.00022502167848870158,
    0.00022502167848870158,
    0.00022502167848870158,
    0.00022502167848870158
  ]
}